Tid,Rum Temp,Vandr√∏r,Diff
11-01-23 00:00:01,22.375,21.5,0.875
11-01-23 00:01:02,22.375,21.5625,0.875
11-01-23 00:02:01,22.375,21.5625,0.875
11-01-23 00:03:01,22.375,21.5625,0.8125
11-01-23 00:04:01,22.375,21.5625,0.8125
11-01-23 00:05:01,22.375,21.5625,0.8125
11-01-23 00:06:01,22.375,21.5625,0.8125
11-01-23 00:07:01,22.375,21.5625,0.8125
11-01-23 00:08:02,22.375,21.625,0.8125
11-01-23 00:09:01,22.3125,21.625,0.6875
11-01-23 00:10:01,22.375,21.625,0.6875
11-01-23 00:11:01,22.375,21.625,0.75
11-01-23 00:12:01,22.375,21.625,0.75
11-01-23 00:13:01,22.375,21.6875,0.625
11-01-23 00:14:01,22.375,21.6875,0.75
11-01-23 00:15:02,22.375,21.6875,0.6875
11-01-23 00:16:01,22.375,21.6875,0.6875
11-01-23 00:17:01,22.375,21.6875,0.6875
11-01-23 00:18:01,22.375,21.6875,0.6875
11-01-23 00:19:01,22.375,21.75,0.625
11-01-23 00:20:01,22.375,21.75,0.625
11-01-23 00:21:01,22.375,21.75,0.6875
11-01-23 00:22:02,22.375,21.75,0.625
11-01-23 00:23:01,22.375,21.75,0.625
11-01-23 00:24:02,22.375,21.75,0.625
11-01-23 00:25:01,22.375,21.75,0.625
11-01-23 00:26:01,22.375,21.8125,0.5625
11-01-23 00:27:01,22.375,21.75,0.5625
11-01-23 00:28:01,22.375,21.8125,0.5625
11-01-23 00:29:01,22.375,21.8125,0.5625
11-01-23 00:30:01,22.375,21.8125,0.5625
11-01-23 00:31:02,22.375,21.8125,0.5625
11-01-23 00:32:01,22.375,21.875,0.5625
11-01-23 00:33:01,22.375,21.8125,0.5
11-01-23 00:34:01,22.3125,21.875,0.5
11-01-23 00:35:01,22.3125,21.875,0.5
11-01-23 00:36:01,22.375,21.875,0.5625
11-01-23 00:37:01,22.3125,21.8125,0.4375
11-01-23 00:38:02,22.3125,20.1875,2.125
11-01-23 00:39:01,22.3125,19.625,2.6875
11-01-23 00:40:01,22.3125,19.5,2.875
11-01-23 00:41:01,22.3125,19.4375,2.875
11-01-23 00:42:01,22.25,19.5,2.75
11-01-23 00:43:02,22.25,19.5625,2.6875
11-01-23 00:44:01,22.25,19.625,2.6875
11-01-23 00:45:02,22.25,19.625,2.625
11-01-23 00:46:01,22.25,19.6875,2.5
11-01-23 00:47:01,22.25,19.75,2.4375
11-01-23 00:48:01,22.25,19.8125,2.4375
11-01-23 00:49:01,22.25,19.875,2.3125
11-01-23 00:50:02,22.25,19.9375,2.25
11-01-23 00:51:01,22.25,20.0,2.25
11-01-23 00:52:01,22.25,20.0625,2.1875
11-01-23 00:53:01,22.25,20.125,2.125
11-01-23 00:54:01,22.1875,20.1875,2.0
11-01-23 00:55:01,22.25,20.25,2.0
11-01-23 00:56:01,22.25,20.25,2.0
11-01-23 00:57:02,22.25,20.3125,1.9375
11-01-23 00:58:01,22.1875,20.375,1.875
11-01-23 00:59:02,22.1875,20.4375,1.8125
11-01-23 01:00:01,22.1875,20.4375,1.75
11-01-23 01:01:01,22.25,20.5,1.75
11-01-23 01:02:01,22.1875,20.5625,1.6875
11-01-23 01:03:01,22.1875,20.5625,1.625
11-01-23 01:04:02,22.1875,20.625,1.5625
11-01-23 01:05:01,22.1875,20.6875,1.5625
11-01-23 01:06:02,22.1875,20.6875,1.5
11-01-23 01:07:01,22.25,20.6875,1.5625
11-01-23 01:08:01,22.1875,20.75,1.4375
11-01-23 01:09:01,22.1875,20.75,1.375
11-01-23 01:10:01,22.25,20.8125,1.375
11-01-23 01:11:01,22.1875,20.8125,1.4375
11-01-23 01:12:01,22.1875,20.875,1.3125
11-01-23 01:13:02,22.25,20.875,1.375
11-01-23 01:14:01,22.1875,20.9375,1.25
11-01-23 01:15:01,22.25,20.9375,1.3125
11-01-23 01:16:01,22.25,21.0,1.25
11-01-23 01:17:01,22.1875,21.0,1.1875
11-01-23 01:18:01,22.1875,21.0,1.1875
11-01-23 01:19:01,22.25,21.0625,1.1875
11-01-23 01:20:02,22.25,21.0625,1.1875
11-01-23 01:21:01,22.25,21.125,1.125
11-01-23 01:22:01,22.25,21.125,1.125
11-01-23 01:23:01,22.25,21.125,1.125
11-01-23 01:24:01,22.25,21.1875,1.0625
11-01-23 01:25:01,22.25,21.1875,1.0625
11-01-23 01:26:01,22.25,21.1875,1.0625
11-01-23 01:27:01,22.25,21.25,1.0625
11-01-23 01:28:01,22.25,21.25,1.0
11-01-23 01:29:01,22.25,21.25,1.0
11-01-23 01:30:02,22.25,21.3125,1.0
11-01-23 01:31:01,22.25,21.3125,1.0
11-01-23 01:32:01,22.25,21.3125,0.9375
11-01-23 01:33:01,22.25,21.3125,0.9375
11-01-23 01:34:01,22.25,21.3125,0.9375
11-01-23 01:35:01,22.25,21.375,0.875
11-01-23 01:36:01,22.25,21.375,0.875
11-01-23 01:37:02,22.25,21.375,0.875
11-01-23 01:38:01,22.25,21.4375,0.875
11-01-23 01:39:01,22.25,21.4375,0.8125
11-01-23 01:40:01,22.25,21.4375,0.8125
11-01-23 01:41:01,22.25,21.4375,0.8125
11-01-23 01:42:01,22.25,21.4375,0.8125
11-01-23 01:43:01,22.25,21.5,0.8125
11-01-23 01:44:02,22.25,21.4375,0.8125
11-01-23 01:45:01,22.25,21.5,0.75
11-01-23 01:46:01,22.25,21.5,0.75
11-01-23 01:47:01,22.25,21.5,0.6875
11-01-23 01:48:01,22.25,21.5,0.6875
11-01-23 01:49:02,22.25,21.5625,0.6875
11-01-23 01:50:01,22.25,21.5625,0.6875
11-01-23 01:51:01,22.25,21.5625,0.6875
11-01-23 01:52:01,22.25,21.625,0.6875
11-01-23 01:53:01,22.25,21.625,0.625
11-01-23 01:54:01,22.25,21.625,0.625
11-01-23 01:55:01,22.25,21.625,0.625
11-01-23 01:56:02,22.3125,21.625,0.625
11-01-23 01:57:01,22.3125,21.625,0.625
11-01-23 01:58:02,22.25,21.6875,0.625
11-01-23 01:59:01,22.25,21.6875,0.5625
11-01-23 02:00:01,22.25,21.6875,0.5625
11-01-23 02:01:01,22.25,21.6875,0.5625
11-01-23 02:02:01,22.25,21.6875,0.5625
11-01-23 02:03:02,22.25,21.75,0.5
11-01-23 02:04:01,22.25,21.75,0.5
11-01-23 02:05:02,22.3125,21.75,0.5625
11-01-23 02:06:01,22.3125,21.75,0.5625
11-01-23 02:07:01,22.25,21.75,0.5
11-01-23 02:08:01,22.25,21.75,0.4375
11-01-23 02:09:01,22.25,21.8125,0.5
11-01-23 02:10:01,22.25,21.75,0.5
11-01-23 02:11:01,22.25,21.8125,0.4375
11-01-23 02:12:02,22.25,21.8125,0.4375
11-01-23 02:13:01,22.3125,21.8125,0.4375
11-01-23 02:14:01,22.25,21.8125,0.4375
11-01-23 02:15:01,22.25,21.8125,0.4375
11-01-23 02:16:01,22.3125,21.875,0.4375
11-01-23 02:17:01,22.3125,21.8125,0.375
11-01-23 02:18:01,22.3125,21.875,0.4375
11-01-23 02:19:01,22.3125,21.875,0.4375
11-01-23 02:20:01,22.3125,21.875,0.375
11-01-23 02:21:02,22.3125,21.875,0.4375
11-01-23 02:22:01,22.3125,21.875,0.4375
11-01-23 02:23:01,22.3125,21.875,0.4375
11-01-23 02:24:01,22.3125,21.875,0.4375
11-01-23 02:25:01,22.3125,21.875,0.4375
11-01-23 02:26:01,22.25,21.875,0.3125
11-01-23 02:27:01,22.3125,21.9375,0.375
11-01-23 02:28:02,22.3125,21.9375,0.375
11-01-23 02:29:01,22.3125,21.9375,0.375
11-01-23 02:30:01,22.3125,21.9375,0.3125
11-01-23 02:31:01,22.3125,21.9375,0.3125
11-01-23 02:32:01,22.3125,21.9375,0.375
11-01-23 02:33:02,22.3125,21.9375,0.375
11-01-23 02:34:01,22.3125,21.9375,0.3125
11-01-23 02:35:02,22.3125,21.9375,0.3125
11-01-23 02:36:01,22.3125,22.0,0.3125
11-01-23 02:37:01,22.3125,21.9375,0.3125
11-01-23 02:38:01,22.3125,22.0,0.3125
11-01-23 02:39:01,22.3125,22.0,0.3125
11-01-23 02:40:02,22.3125,22.0,0.3125
11-01-23 02:41:01,22.3125,22.0,0.3125
11-01-23 02:42:01,22.3125,22.0,0.3125
11-01-23 02:43:01,22.3125,22.0,0.3125
11-01-23 02:44:01,22.3125,22.0,0.3125
11-01-23 02:45:01,22.3125,22.0,0.3125
11-01-23 02:46:01,22.3125,22.0625,0.3125
11-01-23 02:47:02,22.3125,22.0,0.3125
11-01-23 02:48:01,22.3125,22.0,0.3125
11-01-23 02:49:01,22.3125,22.0,0.25
11-01-23 02:50:01,22.3125,22.0625,0.25
11-01-23 02:51:01,22.3125,22.0625,0.25
11-01-23 02:52:01,22.3125,22.0625,0.25
11-01-23 02:53:01,22.3125,22.0625,0.25
11-01-23 02:54:02,22.3125,22.0625,0.25
11-01-23 02:55:01,22.3125,22.0625,0.25
11-01-23 02:56:01,22.3125,22.0625,0.25
11-01-23 02:57:01,22.3125,22.0625,0.25
11-01-23 02:58:01,22.3125,22.0625,0.25
11-01-23 02:59:01,22.3125,22.125,0.1875
11-01-23 03:00:01,22.3125,22.125,0.25
11-01-23 03:01:02,22.3125,22.0625,0.25
11-01-23 03:02:01,22.3125,22.125,0.1875
11-01-23 03:03:01,22.3125,22.125,0.1875
11-01-23 03:04:01,22.3125,22.125,0.1875
11-01-23 03:05:01,22.3125,22.125,0.1875
11-01-23 03:06:01,22.3125,22.125,0.1875
11-01-23 03:07:01,22.3125,22.125,0.1875
11-01-23 03:08:02,22.3125,22.125,0.1875
11-01-23 03:09:01,22.3125,22.125,0.1875
11-01-23 03:10:02,22.3125,22.1875,0.1875
11-01-23 03:11:01,22.3125,22.125,0.1875
11-01-23 03:12:01,22.3125,22.1875,0.1875
11-01-23 03:13:01,22.3125,22.125,0.1875
11-01-23 03:14:01,22.3125,22.125,0.1875
11-01-23 03:15:02,22.3125,22.1875,0.125
11-01-23 03:16:01,22.3125,22.1875,0.1875
11-01-23 03:17:01,22.3125,22.1875,0.125
11-01-23 03:18:01,22.3125,22.1875,0.125
11-01-23 03:19:01,22.3125,22.1875,0.125
11-01-23 03:20:01,22.3125,22.1875,0.125
11-01-23 03:21:01,22.3125,22.1875,0.125
11-01-23 03:22:02,22.3125,22.1875,0.125
11-01-23 03:23:01,22.3125,22.1875,0.125
11-01-23 03:24:01,22.3125,22.1875,0.125
11-01-23 03:25:01,22.3125,22.1875,0.125
11-01-23 03:26:01,22.3125,22.1875,0.125
11-01-23 03:27:01,22.3125,22.1875,0.125
11-01-23 03:28:01,22.3125,22.1875,0.125
11-01-23 03:29:02,22.3125,22.1875,0.125
11-01-23 03:30:01,22.3125,22.25,0.125
11-01-23 03:31:01,22.3125,22.25,0.125
11-01-23 03:32:01,22.3125,22.1875,0.125
11-01-23 03:33:01,22.3125,22.25,0.0625
11-01-23 03:34:01,22.3125,22.25,0.0625
11-01-23 03:35:01,22.3125,22.1875,0.125
11-01-23 03:36:02,22.3125,22.25,0.125
11-01-23 03:37:01,22.3125,22.25,0.0625
11-01-23 03:38:01,22.3125,22.25,0.0625
11-01-23 03:39:01,22.3125,22.25,0.0625
11-01-23 03:40:01,22.3125,22.25,0.0625
11-01-23 03:41:01,22.3125,22.25,0.0625
11-01-23 03:42:01,22.3125,22.25,0.0625
11-01-23 03:43:02,22.3125,22.25,0.0625
11-01-23 03:44:01,22.3125,22.25,0.0625
11-01-23 03:45:01,22.3125,22.25,0.0625
11-01-23 03:46:01,22.3125,22.25,0.0625
11-01-23 03:47:01,22.3125,22.25,0.125
11-01-23 03:48:02,22.3125,22.25,0.0625
11-01-23 03:49:01,22.3125,22.25,0.0625
11-01-23 03:50:01,22.3125,22.25,0.0625
11-01-23 03:51:01,22.3125,22.25,0.0625
11-01-23 03:52:01,22.3125,22.25,0.0625
11-01-23 03:53:02,22.3125,22.25,0.0625
11-01-23 03:54:01,22.3125,22.25,0.0625
11-01-23 03:55:02,22.3125,22.25,0.0
11-01-23 03:56:01,22.3125,22.25,0.0625
11-01-23 03:57:01,22.3125,22.25,0.0625
11-01-23 03:58:01,22.375,22.25,0.0625
11-01-23 03:59:01,22.375,22.25,0.0625
11-01-23 04:00:01,22.375,22.3125,0.0625
11-01-23 04:01:01,22.375,22.25,0.125
11-01-23 04:02:02,22.3125,22.3125,0.125
11-01-23 04:03:01,22.3125,22.25,0.0625
11-01-23 04:04:01,22.375,22.3125,0.0625
11-01-23 04:05:01,22.3125,22.3125,0.0
11-01-23 04:06:01,22.375,22.3125,0.125
11-01-23 04:07:01,22.375,22.3125,0.0625
11-01-23 04:08:01,22.375,22.3125,0.0625
11-01-23 04:09:02,22.375,22.3125,0.0625
11-01-23 04:10:01,22.375,22.3125,0.0625
11-01-23 04:11:01,22.375,22.3125,0.0
11-01-23 04:12:01,22.375,22.3125,0.0625
11-01-23 04:13:01,22.375,22.3125,0.0625
11-01-23 04:14:01,22.375,22.3125,0.0625
11-01-23 04:15:01,22.375,22.375,0.0625
11-01-23 04:16:02,22.375,22.375,0.0625
11-01-23 04:17:01,22.375,22.3125,0.0625
11-01-23 04:18:01,22.375,22.3125,0.0625
11-01-23 04:19:01,22.375,22.375,0.0625
11-01-23 04:20:01,22.375,22.3125,0.0
11-01-23 04:21:01,22.375,22.375,0.0625
11-01-23 04:22:01,22.375,22.375,0.0
11-01-23 04:23:02,22.375,22.375,0.0625
11-01-23 04:24:01,22.375,22.3125,0.0
11-01-23 04:25:02,22.375,22.375,0.0
11-01-23 04:26:01,22.375,22.375,0.0
11-01-23 04:27:01,22.375,22.375,0.0
11-01-23 04:28:01,22.375,22.375,0.0
11-01-23 04:29:01,22.375,22.375,0.0
11-01-23 04:30:02,22.375,22.375,0.0
11-01-23 04:31:01,22.375,22.375,0.0
11-01-23 04:32:02,22.375,22.375,0.0
11-01-23 04:33:01,22.375,22.375,0.0
11-01-23 04:34:01,22.4375,22.375,0.0
11-01-23 04:35:01,22.375,22.375,0.0
11-01-23 04:36:01,22.4375,22.375,0.0
11-01-23 04:37:02,22.375,22.375,0.0
11-01-23 04:38:01,22.375,22.375,0.0
11-01-23 04:39:01,22.375,22.375,0.0
11-01-23 04:40:01,22.375,22.375,0.0625
11-01-23 04:41:01,22.4375,22.375,0.0625
11-01-23 04:42:01,22.375,22.4375,-0.0625
11-01-23 04:43:01,22.375,22.375,0.0
11-01-23 04:44:02,22.375,22.375,0.0
11-01-23 04:45:01,22.4375,22.375,0.0
11-01-23 04:46:02,22.375,22.4375,-0.0625
11-01-23 04:47:01,22.4375,22.375,0.0625
11-01-23 04:48:01,22.4375,22.375,0.0625
11-01-23 04:49:01,22.375,22.4375,0.0
11-01-23 04:50:01,22.4375,22.375,-0.0625
11-01-23 04:51:02,22.375,22.375,0.0
11-01-23 04:52:01,22.4375,22.4375,-0.0625
11-01-23 04:53:01,22.375,22.4375,-0.0625
11-01-23 04:54:01,22.4375,22.4375,0.0625
11-01-23 04:55:01,22.375,22.4375,0.0
11-01-23 04:56:01,22.375,22.375,0.0
11-01-23 04:57:01,22.4375,22.4375,0.0
11-01-23 04:58:02,22.4375,22.4375,0.0625
11-01-23 04:59:01,22.4375,22.4375,0.0
11-01-23 05:00:02,22.375,22.4375,0.0
11-01-23 05:01:01,22.4375,22.375,0.0
11-01-23 05:02:01,22.4375,22.4375,0.0
11-01-23 05:03:01,22.4375,22.4375,0.0
11-01-23 05:04:01,22.4375,22.4375,0.0
11-01-23 05:05:01,22.4375,22.4375,0.0
11-01-23 05:06:01,22.4375,22.375,0.0
11-01-23 05:07:02,22.4375,22.4375,0.0
11-01-23 05:08:01,22.4375,22.4375,0.0
11-01-23 05:09:01,22.4375,22.375,0.0
11-01-23 05:10:01,22.4375,22.375,0.0
11-01-23 05:11:01,22.4375,22.4375,0.0
11-01-23 05:12:01,22.4375,22.4375,0.0
11-01-23 05:13:01,22.4375,22.4375,0.0
11-01-23 05:14:02,22.4375,22.4375,0.0625
11-01-23 05:15:01,22.4375,22.4375,0.0
11-01-23 05:16:02,22.4375,22.4375,0.0
11-01-23 05:17:01,22.4375,22.4375,0.0
11-01-23 05:18:01,22.4375,22.4375,0.0
11-01-23 05:19:01,22.4375,22.4375,0.0
11-01-23 05:20:01,22.4375,22.4375,0.0
11-01-23 05:21:02,22.4375,22.4375,0.0
11-01-23 05:22:01,22.4375,22.4375,0.0
11-01-23 05:23:01,22.4375,22.4375,-0.0625
11-01-23 05:24:01,22.4375,22.4375,-0.0625
11-01-23 05:25:01,22.4375,22.4375,-0.0625
11-01-23 05:26:01,22.4375,22.4375,0.0
11-01-23 05:27:01,22.375,22.4375,-0.0625
11-01-23 05:28:02,22.4375,22.4375,0.0
11-01-23 05:29:01,22.4375,22.4375,0.0
11-01-23 05:30:01,22.4375,22.4375,-0.0625
11-01-23 05:31:01,22.4375,22.4375,0.0
11-01-23 05:32:01,22.4375,22.4375,0.0
11-01-23 05:33:01,22.4375,22.4375,0.0
11-01-23 05:34:01,22.4375,22.4375,0.0
11-01-23 05:35:02,22.375,22.4375,-0.0625
11-01-23 05:36:01,22.4375,22.4375,0.0
11-01-23 05:37:01,22.4375,22.4375,0.0
11-01-23 05:38:01,22.4375,22.4375,0.0
11-01-23 05:39:01,22.4375,22.4375,0.0
11-01-23 05:40:01,22.4375,22.4375,-0.0625
11-01-23 05:41:01,22.375,22.4375,-0.0625
11-01-23 05:42:02,22.4375,22.4375,0.0
11-01-23 05:43:01,22.4375,22.4375,0.0
11-01-23 05:44:02,22.4375,22.4375,0.0
11-01-23 05:45:01,22.4375,22.5,0.0
11-01-23 05:46:01,22.4375,22.4375,0.0
11-01-23 05:47:01,22.4375,22.5,0.0
11-01-23 05:48:01,22.4375,22.4375,0.0
11-01-23 05:49:02,22.4375,22.4375,-0.0625
11-01-23 05:50:01,22.4375,22.5,0.0
11-01-23 05:51:01,22.4375,22.5,0.0
11-01-23 05:52:01,22.4375,22.4375,0.0
11-01-23 05:53:01,22.4375,22.5,0.0
11-01-23 05:54:01,22.4375,22.5,-0.0625
11-01-23 05:55:01,22.4375,22.4375,0.0
11-01-23 05:56:02,22.4375,22.5,0.0
11-01-23 05:57:01,22.4375,22.5,0.0
11-01-23 05:58:01,22.4375,22.5,0.0
11-01-23 05:59:01,22.4375,22.5,-0.0625
11-01-23 06:00:01,22.4375,22.4375,0.0
11-01-23 06:01:02,22.4375,22.5,-0.0625
11-01-23 06:02:01,22.4375,22.5,0.0
11-01-23 06:03:02,22.4375,22.5,-0.0625
11-01-23 06:04:01,22.4375,22.4375,0.0
11-01-23 06:05:01,22.4375,22.5,-0.0625
11-01-23 06:06:01,22.4375,22.4375,0.0
11-01-23 06:07:01,22.4375,22.5,-0.0625
11-01-23 06:08:01,22.4375,22.5,0.0
11-01-23 06:09:01,22.4375,22.5,-0.0625
11-01-23 06:10:02,22.4375,22.5,0.0
11-01-23 06:11:01,22.4375,22.5,0.0
11-01-23 06:12:01,22.4375,22.5,-0.125
11-01-23 06:13:01,22.4375,22.5,0.0
11-01-23 06:14:01,22.4375,22.5,0.0
11-01-23 06:15:01,22.4375,22.5,-0.0625
11-01-23 06:16:01,22.4375,22.5,-0.0625
11-01-23 06:17:02,22.4375,22.5,-0.0625
11-01-23 06:18:01,22.4375,22.5,-0.0625
11-01-23 06:19:02,22.4375,22.5,-0.0625
11-01-23 06:20:01,22.4375,22.5,-0.0625
11-01-23 06:21:01,22.4375,22.5,-0.0625
11-01-23 06:22:01,22.4375,22.5,-0.0625
11-01-23 06:23:01,22.4375,22.5,-0.0625
11-01-23 06:24:02,22.4375,22.5,-0.0625
11-01-23 06:25:01,22.4375,22.5,-0.0625
11-01-23 06:26:01,22.4375,22.5,-0.0625
11-01-23 06:27:01,22.4375,22.5,-0.0625
11-01-23 06:28:01,22.4375,22.5,-0.0625
11-01-23 06:29:01,22.4375,22.5,-0.0625
11-01-23 06:30:01,22.4375,22.5,-0.0625
11-01-23 06:31:02,22.4375,22.5,-0.0625
11-01-23 06:32:01,22.4375,22.5,-0.0625
11-01-23 06:33:01,22.4375,22.5,-0.0625
11-01-23 06:34:01,22.4375,22.5,-0.0625
11-01-23 06:35:01,22.4375,22.5,-0.0625
11-01-23 06:36:01,22.4375,22.5,-0.0625
11-01-23 06:37:01,22.4375,22.5,-0.0625
11-01-23 06:38:01,22.4375,22.5,-0.0625
11-01-23 06:39:01,22.4375,22.5,-0.0625
11-01-23 06:40:01,22.4375,22.5,-0.0625
11-01-23 06:41:01,22.4375,22.5,-0.0625
11-01-23 06:42:01,22.4375,22.5,-0.0625
11-01-23 06:43:02,22.4375,22.5,-0.0625
11-01-23 06:44:01,22.4375,22.5,-0.0625
11-01-23 06:45:01,22.4375,22.5,-0.0625
11-01-23 06:46:01,22.4375,22.5,-0.0625
11-01-23 06:47:01,22.4375,22.5,-0.0625
11-01-23 06:48:01,22.4375,22.5,-0.0625
11-01-23 06:49:01,22.4375,22.5,-0.0625
11-01-23 06:50:01,22.4375,22.5,-0.0625
11-01-23 06:51:01,22.4375,22.5,-0.0625
11-01-23 06:52:01,22.4375,22.5,-0.0625
11-01-23 06:53:01,22.4375,22.5,-0.0625
11-01-23 06:54:02,22.4375,22.5625,-0.0625
11-01-23 06:55:01,22.4375,22.5,-0.0625
11-01-23 06:56:02,22.4375,22.5,-0.0625
11-01-23 06:57:01,22.4375,22.5,-0.0625
11-01-23 06:58:01,22.4375,22.5,-0.0625
11-01-23 06:59:01,22.4375,22.5,-0.0625
11-01-23 07:00:01,22.4375,22.5,-0.0625
11-01-23 07:01:01,22.4375,22.5,-0.0625
11-01-23 07:02:01,22.4375,22.5,-0.0625
11-01-23 07:03:02,22.4375,22.5,-0.0625
11-01-23 07:04:01,22.4375,22.5,-0.0625
11-01-23 07:05:01,22.4375,21.0625,1.1875
11-01-23 07:06:01,22.4375,17.9375,4.4375
11-01-23 07:07:01,22.375,17.0625,5.3125
11-01-23 07:08:01,22.375,16.9375,5.4375
11-01-23 07:09:01,22.375,17.0,5.375
11-01-23 07:10:02,22.375,17.0625,5.3125
11-01-23 07:11:01,22.375,17.1875,5.1875
11-01-23 07:12:01,22.375,16.875,5.5
11-01-23 07:13:01,22.3125,16.875,5.5
11-01-23 07:14:01,22.3125,17.0,5.3125
11-01-23 07:15:01,22.3125,16.75,5.5625
11-01-23 07:16:01,22.3125,16.8125,5.5
11-01-23 07:17:02,22.3125,16.9375,5.375
11-01-23 07:18:01,22.3125,17.0625,5.1875
11-01-23 07:19:02,22.25,17.25,5.0625
11-01-23 07:20:01,22.3125,17.375,4.9375
11-01-23 07:21:01,22.25,17.125,5.125
11-01-23 07:22:01,22.25,16.8125,5.4375
11-01-23 07:23:01,22.3125,16.75,5.5625
11-01-23 07:24:02,22.3125,16.8125,5.5
11-01-23 07:25:01,22.3125,16.8125,5.5
11-01-23 07:26:02,22.375,16.6875,5.6875
11-01-23 07:27:01,22.375,16.875,5.5
11-01-23 07:28:01,22.4375,16.9375,5.5
11-01-23 07:29:01,22.4375,16.9375,5.5
11-01-23 07:30:01,22.4375,17.0625,5.375
11-01-23 07:31:01,22.4375,17.25,5.1875
11-01-23 07:32:01,22.4375,17.375,5.0625
11-01-23 07:33:02,22.5,17.5625,4.875
11-01-23 07:34:01,22.5,17.625,4.875
11-01-23 07:35:01,22.4375,17.75,4.625
11-01-23 07:36:01,22.5,17.875,4.625
11-01-23 07:37:01,22.5,18.0,4.4375
11-01-23 07:38:01,22.5,18.125,4.3125
11-01-23 07:39:01,22.5,18.25,4.3125
11-01-23 07:40:02,22.5,18.375,4.1875
11-01-23 07:41:01,22.5,18.4375,4.0625
11-01-23 07:42:01,22.5,18.5625,3.9375
11-01-23 07:43:01,22.5,18.6875,3.875
11-01-23 07:44:01,22.5,18.75,3.8125
11-01-23 07:45:01,22.5,18.8125,3.6875
11-01-23 07:46:01,22.5,18.9375,3.5625
11-01-23 07:47:02,22.5,19.0625,3.4375
11-01-23 07:48:01,22.5,19.125,3.375
11-01-23 07:49:01,22.5,19.1875,3.3125
11-01-23 07:50:01,22.5,19.3125,3.25
11-01-23 07:51:01,22.5,19.3125,3.1875
11-01-23 07:52:01,22.5,19.4375,3.125
11-01-23 07:53:01,22.5,19.4375,3.0625
11-01-23 07:54:02,22.5,19.5,3.0
11-01-23 07:55:01,22.5,19.5625,2.9375
11-01-23 07:56:01,22.5,19.625,2.875
11-01-23 07:57:01,22.5,19.6875,2.8125
11-01-23 07:58:01,22.5,19.75,2.75
11-01-23 07:59:01,22.5,19.8125,2.6875
11-01-23 08:00:01,22.5,19.875,2.6875
11-01-23 08:01:02,22.5,19.9375,2.5625
11-01-23 08:02:01,22.5,20.0,2.5625
11-01-23 08:03:01,22.5,20.0,2.5
11-01-23 08:04:01,22.5,20.0625,2.4375
11-01-23 08:05:01,22.5,20.125,2.4375
11-01-23 08:06:01,22.5,20.125,2.375
11-01-23 08:07:01,22.5,20.1875,2.3125
11-01-23 08:08:02,22.5,20.25,2.3125
11-01-23 08:09:01,22.5,20.25,2.25
11-01-23 08:10:01,22.5,20.3125,2.1875
11-01-23 08:11:01,22.5,20.375,2.125
11-01-23 08:12:01,22.5,20.4375,2.125
11-01-23 08:13:01,22.5,20.4375,2.0625
11-01-23 08:14:01,22.5,20.5,2.0
11-01-23 08:15:02,22.5,20.5,2.0
11-01-23 08:16:01,22.5,20.5,1.9375
11-01-23 08:17:01,22.5,20.5625,1.9375
11-01-23 08:18:01,22.5,20.625,1.9375
11-01-23 08:19:01,22.5,20.625,1.875
11-01-23 08:20:02,22.5,20.6875,1.8125
11-01-23 08:21:01,22.5,19.9375,2.5625
11-01-23 08:22:02,22.5,18.875,3.625
11-01-23 08:23:01,22.5,18.6875,3.875
11-01-23 08:24:01,22.5,18.1875,4.3125
11-01-23 08:25:01,22.5,17.625,4.875
11-01-23 08:26:01,22.5,17.5,5.0
11-01-23 08:27:02,22.5,17.5625,5.0
11-01-23 08:28:01,22.5,17.6875,4.875
11-01-23 08:29:01,22.5,17.75,4.75
11-01-23 08:30:01,22.5,17.9375,4.625
11-01-23 08:31:01,22.5,17.9375,4.5625
11-01-23 08:32:01,22.5,18.0625,4.4375
11-01-23 08:33:01,22.5,18.1875,4.3125
11-01-23 08:34:02,22.5,18.25,4.25
11-01-23 08:35:01,22.5,18.3125,4.1875
11-01-23 08:36:02,22.5,18.5,4.0
11-01-23 08:37:01,22.5,18.625,3.875
11-01-23 08:38:01,22.5,18.6875,3.8125
11-01-23 08:39:01,22.5,18.75,3.75
11-01-23 08:40:01,22.5,18.875,3.75
11-01-23 08:41:01,22.5,18.9375,3.5
11-01-23 08:42:01,22.5,19.0625,3.4375
11-01-23 08:43:02,22.5,19.125,3.375
11-01-23 08:44:01,22.5,19.1875,3.3125
11-01-23 08:45:01,22.4375,19.25,3.1875
11-01-23 08:46:01,22.5,19.375,3.125
11-01-23 08:47:01,22.5,19.4375,3.0625
11-01-23 08:48:01,22.5,19.5,3.0
11-01-23 08:49:01,22.4375,19.5625,2.9375
11-01-23 08:50:02,22.5,19.625,2.875
11-01-23 08:51:01,22.5,19.625,2.8125
11-01-23 08:52:01,22.4375,19.6875,2.75
11-01-23 08:53:01,22.5,19.75,2.75
11-01-23 08:54:01,22.4375,19.8125,2.625
11-01-23 08:55:01,22.5,19.875,2.5625
11-01-23 08:56:01,22.4375,19.875,2.5625
11-01-23 08:57:02,22.4375,19.9375,2.5
11-01-23 08:58:01,22.4375,20.0,2.4375
11-01-23 08:59:01,22.4375,20.0,2.375
11-01-23 09:00:01,22.4375,20.0625,2.375
11-01-23 09:01:01,22.4375,20.125,2.375
11-01-23 09:02:01,22.4375,20.1875,2.25
11-01-23 09:03:01,22.4375,20.1875,2.25
11-01-23 09:04:02,22.4375,20.25,2.1875
11-01-23 09:05:01,22.4375,20.3125,2.1875
11-01-23 09:06:01,22.4375,20.3125,2.125
11-01-23 09:07:01,22.4375,20.125,2.3125
11-01-23 09:08:01,22.4375,19.8125,2.625
11-01-23 09:09:01,22.4375,19.75,2.6875
11-01-23 09:10:01,22.4375,19.75,2.6875
11-01-23 09:11:02,22.5,19.8125,2.625
11-01-23 09:12:01,22.5,19.875,2.5625
11-01-23 09:13:01,22.5,19.875,2.5625
11-01-23 09:14:01,22.5,19.9375,2.5625
11-01-23 09:15:01,22.5,20.0,2.5
11-01-23 09:16:01,22.5,20.0625,2.4375
11-01-23 09:17:01,22.5,20.125,2.375
11-01-23 09:18:02,22.5,20.1875,2.3125
11-01-23 09:19:01,22.5,20.25,2.3125
11-01-23 09:20:02,22.5,20.3125,2.1875
11-01-23 09:21:01,22.5,20.3125,2.1875
11-01-23 09:22:01,22.5,20.4375,2.125
11-01-23 09:23:01,22.5,20.4375,2.0625
11-01-23 09:24:01,22.5,20.5,2.0
11-01-23 09:25:02,22.5,20.5625,2.0
11-01-23 09:26:01,22.5,20.5625,1.9375
11-01-23 09:27:01,22.5,20.625,1.875
11-01-23 09:28:01,22.5,20.6875,1.875
11-01-23 09:29:01,22.5,20.6875,1.8125
11-01-23 09:30:01,22.5,20.75,1.75
11-01-23 09:31:01,22.5,20.8125,1.75
11-01-23 09:32:02,22.5,20.8125,1.6875
11-01-23 09:33:01,22.5,20.875,1.625
11-01-23 09:34:02,22.5,20.9375,1.625
11-01-23 09:35:01,22.5,20.9375,1.625
11-01-23 09:36:01,22.5,19.125,3.375
11-01-23 09:37:01,22.5,17.4375,5.0
11-01-23 09:38:01,22.4375,16.875,5.5625
11-01-23 09:39:01,22.4375,16.8125,5.625
11-01-23 09:40:01,22.4375,16.9375,5.5
11-01-23 09:41:02,22.375,17.0,5.4375
11-01-23 09:42:01,22.375,17.125,5.25
11-01-23 09:43:01,22.375,17.25,5.125
11-01-23 09:44:01,22.375,17.375,5.0
11-01-23 09:45:01,22.375,17.5,4.875
11-01-23 09:46:01,22.375,17.625,4.75
11-01-23 09:47:01,22.375,17.6875,4.6875
11-01-23 09:48:02,22.375,17.875,4.5
11-01-23 09:49:01,22.375,17.9375,4.375
11-01-23 09:50:02,22.3125,18.0625,4.25
11-01-23 09:51:01,22.375,18.125,4.1875
11-01-23 09:52:01,22.375,17.125,5.1875
11-01-23 09:53:01,22.375,16.6875,5.6875
11-01-23 09:54:01,22.375,16.75,5.6875
11-01-23 09:55:01,22.375,16.8125,5.5625
11-01-23 09:56:01,22.375,16.9375,5.5
11-01-23 09:57:02,22.375,17.0625,5.3125
11-01-23 09:58:01,22.375,17.1875,5.125
11-01-23 09:59:01,22.375,17.3125,5.0625
11-01-23 10:00:01,22.375,16.9375,5.4375
11-01-23 10:01:01,22.375,16.5625,5.75
11-01-23 10:02:02,22.375,16.5625,5.8125
11-01-23 10:03:01,22.375,16.8125,5.5625
11-01-23 10:04:01,22.375,17.0,5.375
11-01-23 10:05:01,22.4375,17.1875,5.1875
11-01-23 10:06:01,22.4375,17.375,5.0625
11-01-23 10:07:01,22.4375,17.5,4.9375
11-01-23 10:08:01,22.4375,17.625,4.8125
11-01-23 10:09:01,22.5,17.75,4.6875
11-01-23 10:10:01,22.5,17.9375,4.625
11-01-23 10:11:02,22.5,18.0,4.5
11-01-23 10:12:01,22.4375,18.125,4.3125
11-01-23 10:13:01,22.5,17.75,4.75
11-01-23 10:14:01,22.5,17.5625,4.9375
11-01-23 10:15:01,22.5,17.5625,4.9375
11-01-23 10:16:01,22.5,17.75,4.8125
11-01-23 10:17:01,22.5,17.875,4.625
11-01-23 10:18:02,22.5625,18.0,4.5
11-01-23 10:19:01,22.5625,18.125,4.4375
11-01-23 10:20:02,22.5625,18.3125,4.3125
11-01-23 10:21:01,22.5,17.9375,4.5625
11-01-23 10:22:01,22.4375,17.25,5.25
11-01-23 10:23:01,22.25,17.1875,5.125
11-01-23 10:24:01,22.0,16.75,5.25
11-01-23 10:25:01,21.75,16.8125,5.0
11-01-23 10:26:01,21.4375,16.1875,4.6875
11-01-23 10:27:02,21.375,16.0625,5.25
11-01-23 10:28:01,21.125,16.0,5.125
11-01-23 10:29:01,21.0,16.1875,4.8125
11-01-23 10:30:01,21.25,16.625,4.6875
11-01-23 10:31:01,21.5,17.125,4.375
11-01-23 10:32:01,21.625,17.5,4.1875
11-01-23 10:33:01,21.8125,17.6875,4.0625
11-01-23 10:34:02,21.875,17.875,4.0
11-01-23 10:35:01,22.0,18.0,3.9375
11-01-23 10:36:01,22.0,18.125,3.9375
11-01-23 10:37:01,22.0625,18.25,3.8125
11-01-23 10:38:01,22.125,18.3125,3.8125
11-01-23 10:39:01,22.125,18.4375,3.75
11-01-23 10:40:01,22.1875,18.5,3.6875
11-01-23 10:41:02,22.1875,18.625,3.5625
11-01-23 10:42:01,22.1875,18.75,3.5
11-01-23 10:43:01,22.25,18.75,3.375
11-01-23 10:44:01,22.1875,18.875,3.375
11-01-23 10:45:01,22.25,18.9375,3.3125
11-01-23 10:46:01,22.25,19.0625,3.25
11-01-23 10:47:01,22.25,19.0625,3.1875
11-01-23 10:48:02,22.25,19.1875,3.0625
11-01-23 10:49:01,22.25,19.25,3.0
11-01-23 10:50:01,22.25,19.375,2.9375
11-01-23 10:51:01,22.25,19.375,2.875
11-01-23 10:52:01,22.25,19.5,2.8125
11-01-23 10:53:01,22.3125,19.5,2.75
11-01-23 10:54:01,22.25,19.5625,2.6875
11-01-23 10:55:02,22.3125,19.625,2.6875
11-01-23 10:56:01,22.3125,19.6875,2.625
11-01-23 10:57:01,22.3125,19.75,2.5625
11-01-23 10:58:01,22.3125,19.8125,2.5
11-01-23 10:59:01,22.3125,19.875,2.4375
11-01-23 11:00:02,22.3125,19.875,2.4375
11-01-23 11:01:01,22.3125,19.9375,2.3125
11-01-23 11:02:02,22.3125,20.0,2.3125
11-01-23 11:03:01,22.3125,20.0,2.25
11-01-23 11:04:01,22.3125,20.0625,2.25
11-01-23 11:05:01,22.3125,20.125,2.1875
11-01-23 11:06:01,22.3125,20.1875,2.1875
11-01-23 11:07:02,22.3125,20.1875,2.125
11-01-23 11:08:01,22.3125,20.25,2.0625
11-01-23 11:09:01,22.3125,20.3125,2.0
11-01-23 11:10:01,22.3125,20.3125,2.0
11-01-23 11:11:01,22.3125,20.3125,1.9375
11-01-23 11:12:01,22.3125,20.375,1.9375
11-01-23 11:13:01,22.3125,20.4375,1.875
11-01-23 11:14:02,22.3125,20.5,1.875
11-01-23 11:15:01,22.3125,20.5,1.8125
11-01-23 11:16:01,22.3125,20.5625,1.8125
11-01-23 11:17:01,22.3125,20.5625,1.75
11-01-23 11:18:01,22.3125,20.625,1.75
11-01-23 11:19:01,22.3125,20.625,1.6875
11-01-23 11:20:01,22.3125,20.625,1.6875
11-01-23 11:21:02,22.3125,20.6875,1.625
11-01-23 11:22:01,22.3125,20.75,1.625
11-01-23 11:23:01,22.3125,20.75,1.5625
11-01-23 11:24:01,22.3125,20.8125,1.5
11-01-23 11:25:01,22.3125,20.8125,1.5
11-01-23 11:26:01,22.3125,20.875,1.5
11-01-23 11:27:01,22.375,20.875,1.5
11-01-23 11:28:02,22.375,20.875,1.4375
11-01-23 11:29:01,22.375,20.9375,1.375
11-01-23 11:30:01,22.3125,20.9375,1.375
11-01-23 11:31:01,22.375,21.0,1.3125
11-01-23 11:32:01,22.375,21.0,1.3125
11-01-23 11:33:01,22.375,21.0,1.3125
11-01-23 11:34:01,22.375,21.0625,1.25
11-01-23 11:35:02,22.375,21.0625,1.25
11-01-23 11:36:01,22.375,21.125,1.3125
11-01-23 11:37:01,22.375,21.125,1.25
11-01-23 11:38:01,22.375,21.1875,1.25
11-01-23 11:39:01,22.375,21.1875,1.1875
11-01-23 11:40:01,22.375,21.1875,1.1875
11-01-23 11:41:01,22.375,21.25,1.1875
11-01-23 11:42:02,22.375,21.25,1.125
11-01-23 11:43:01,22.375,21.3125,1.125
11-01-23 11:44:01,22.375,21.3125,1.0625
11-01-23 11:45:01,22.375,21.3125,1.0625
11-01-23 11:46:01,22.375,21.3125,1.0625
11-01-23 11:47:01,22.375,21.3125,1.0625
11-01-23 11:48:01,22.375,21.375,1.0
11-01-23 11:49:02,22.375,21.375,1.0
11-01-23 11:50:01,22.375,21.375,1.0
11-01-23 11:51:01,22.375,21.4375,1.0
11-01-23 11:52:01,22.375,21.4375,0.9375
11-01-23 11:53:01,22.4375,21.5,0.9375
11-01-23 11:54:01,22.375,21.4375,0.9375
11-01-23 11:55:01,22.4375,21.5,0.9375
11-01-23 11:56:02,22.375,21.5,0.875
11-01-23 11:57:01,22.375,21.5,0.875
11-01-23 11:58:01,22.4375,21.5625,0.875
11-01-23 11:59:01,22.4375,21.5625,0.875
11-01-23 12:00:01,22.4375,21.5625,0.8125
11-01-23 12:01:01,22.4375,21.5625,0.875
11-01-23 12:02:01,22.4375,21.625,0.875
11-01-23 12:03:02,22.4375,21.625,0.8125
11-01-23 12:04:01,22.4375,21.625,0.8125
11-01-23 12:05:01,22.4375,21.625,0.8125
11-01-23 12:06:01,22.4375,21.6875,0.8125
11-01-23 12:07:01,22.4375,21.6875,0.75
11-01-23 12:08:02,22.4375,21.6875,0.75
11-01-23 12:09:01,22.4375,21.75,0.75
11-01-23 12:10:02,22.4375,21.6875,0.75
11-01-23 12:11:01,22.4375,21.75,0.75
11-01-23 12:12:01,22.4375,21.75,0.75
11-01-23 12:13:01,22.4375,21.75,0.75
11-01-23 12:14:01,22.4375,21.75,0.6875
11-01-23 12:15:01,22.4375,21.75,0.6875
11-01-23 12:16:01,22.4375,21.75,0.6875
11-01-23 12:17:02,22.4375,21.75,0.6875
11-01-23 12:18:01,22.4375,21.75,0.6875
11-01-23 12:19:01,22.4375,21.8125,0.6875
11-01-23 12:20:01,22.4375,21.8125,0.625
11-01-23 12:21:01,22.4375,21.8125,0.625
11-01-23 12:22:01,22.4375,21.8125,0.625
11-01-23 12:23:01,22.4375,21.8125,0.625
11-01-23 12:24:02,22.4375,21.8125,0.625
11-01-23 12:25:01,22.4375,21.875,0.5625
11-01-23 12:26:02,22.4375,21.875,0.625
11-01-23 12:27:01,22.4375,21.875,0.5625
11-01-23 12:28:01,22.4375,21.875,0.5625
11-01-23 12:29:01,22.4375,21.875,0.5625
11-01-23 12:30:01,22.4375,21.875,0.5625
11-01-23 12:31:02,22.4375,21.875,0.5625
11-01-23 12:32:01,22.4375,21.9375,0.5625
11-01-23 12:33:01,22.4375,21.9375,0.5625
11-01-23 12:34:01,22.4375,21.9375,0.5
11-01-23 12:35:01,22.4375,21.9375,0.5
11-01-23 12:36:01,22.4375,21.9375,0.5
11-01-23 12:37:01,22.4375,21.9375,0.5
11-01-23 12:38:02,22.4375,20.5625,1.8125
11-01-23 12:39:01,22.4375,18.1875,4.25
11-01-23 12:40:01,22.4375,17.5625,4.8125
11-01-23 12:41:01,22.375,17.4375,4.875
11-01-23 12:42:01,22.375,17.5,4.9375
11-01-23 12:43:01,22.375,17.5625,4.875
11-01-23 12:44:01,22.375,17.625,4.6875
11-01-23 12:45:02,22.375,17.4375,4.875
11-01-23 12:46:01,22.375,17.4375,4.875
11-01-23 12:47:02,22.3125,17.5625,4.75
11-01-23 12:48:01,22.3125,17.625,4.6875
11-01-23 12:49:01,22.3125,17.8125,4.5
11-01-23 12:50:01,22.3125,17.9375,4.375
11-01-23 12:51:01,22.3125,17.375,4.875
11-01-23 12:52:02,22.3125,16.875,5.375
11-01-23 12:53:01,22.3125,16.8125,5.5
11-01-23 12:54:01,22.3125,16.875,5.4375
11-01-23 12:55:01,22.25,17.0,5.3125
11-01-23 12:56:01,22.25,17.125,5.125
11-01-23 12:57:01,22.25,17.25,5.0
11-01-23 12:58:01,22.25,17.4375,4.875
11-01-23 12:59:02,22.25,17.5625,4.6875
11-01-23 13:00:01,22.25,17.625,4.625
11-01-23 13:01:01,22.25,17.75,4.5
11-01-23 13:02:01,22.25,17.875,4.375
11-01-23 13:03:01,22.25,18.0,4.25
11-01-23 13:04:01,22.25,18.0625,4.1875
11-01-23 13:05:01,22.25,18.1875,4.0625
11-01-23 13:06:02,22.25,18.3125,3.9375
11-01-23 13:07:01,22.3125,18.4375,3.875
11-01-23 13:08:02,22.25,18.5,3.75
11-01-23 13:09:01,22.3125,18.5625,3.75
11-01-23 13:10:01,22.3125,18.6875,3.5625
11-01-23 13:11:01,22.3125,18.8125,3.5
11-01-23 13:12:01,22.3125,18.875,3.4375
11-01-23 13:13:01,22.3125,18.9375,3.375
11-01-23 13:14:01,22.25,19.0625,3.25
11-01-23 13:15:02,22.3125,19.0625,3.1875
11-01-23 13:16:01,22.3125,19.125,3.1875
11-01-23 13:17:01,22.3125,19.25,3.125
11-01-23 13:18:01,22.3125,19.3125,3.0625
11-01-23 13:19:01,22.3125,19.375,2.9375
11-01-23 13:20:01,22.3125,19.4375,2.875
11-01-23 13:21:01,22.3125,19.5,2.8125
11-01-23 13:22:02,22.3125,19.5625,2.75
11-01-23 13:23:01,22.3125,19.625,2.6875
11-01-23 13:24:01,22.3125,19.6875,2.6875
11-01-23 13:25:01,22.3125,19.6875,2.5625
11-01-23 13:26:01,22.3125,19.75,2.5625
11-01-23 13:27:02,22.3125,19.8125,2.5
11-01-23 13:28:01,22.3125,19.875,2.5
11-01-23 13:29:01,22.3125,19.9375,2.4375
11-01-23 13:30:01,22.3125,20.0,2.375
11-01-23 13:31:01,22.3125,20.0,2.3125
11-01-23 13:32:01,22.3125,20.0625,2.3125
11-01-23 13:33:01,22.3125,20.0625,2.25
11-01-23 13:34:01,22.3125,20.125,2.25
11-01-23 13:35:01,22.3125,20.125,2.1875
11-01-23 13:36:02,22.3125,20.1875,2.125
11-01-23 13:37:01,22.3125,20.25,2.125
11-01-23 13:38:01,22.3125,20.25,2.0625
11-01-23 13:39:01,22.3125,20.3125,2.0
11-01-23 13:40:01,22.3125,20.3125,2.0
11-01-23 13:41:01,22.3125,20.375,1.9375
11-01-23 13:42:01,22.3125,20.4375,1.9375
11-01-23 13:43:01,22.3125,20.4375,1.875
11-01-23 13:44:01,22.3125,20.4375,1.875
11-01-23 13:45:01,22.3125,20.5,1.8125
11-01-23 13:46:01,22.3125,20.5,1.8125
11-01-23 13:47:01,22.3125,20.5625,1.75
11-01-23 13:48:02,22.3125,20.625,1.75
11-01-23 13:49:01,22.375,20.625,1.6875
11-01-23 13:50:01,22.3125,20.625,1.6875
11-01-23 13:51:01,22.3125,20.6875,1.625
11-01-23 13:52:01,22.3125,20.6875,1.625
11-01-23 13:53:01,22.3125,20.75,1.5625
11-01-23 13:54:01,22.3125,20.75,1.5625
11-01-23 13:55:02,22.3125,20.8125,1.5625
11-01-23 13:56:01,22.3125,20.8125,1.5
11-01-23 13:57:02,22.375,20.875,1.4375
11-01-23 13:58:01,22.3125,20.875,1.4375
11-01-23 13:59:01,22.375,20.9375,1.5
11-01-23 14:00:01,22.375,20.9375,1.375
11-01-23 14:01:01,22.375,20.9375,1.375
11-01-23 14:02:02,22.3125,20.9375,1.4375
11-01-23 14:03:01,22.375,21.0,1.3125
11-01-23 14:04:01,22.375,21.0,1.3125
11-01-23 14:05:01,22.375,21.0625,1.25
11-01-23 14:06:01,22.375,21.0625,1.3125
11-01-23 14:07:01,22.375,21.0625,1.3125
11-01-23 14:08:01,22.375,21.125,1.3125
11-01-23 14:09:02,22.375,21.125,1.25
11-01-23 14:10:01,22.375,21.1875,1.25
11-01-23 14:11:01,22.375,21.1875,1.1875
11-01-23 14:12:01,22.375,21.1875,1.125
11-01-23 14:13:01,22.375,21.1875,1.1875
11-01-23 14:14:02,22.375,21.25,1.1875
11-01-23 14:15:01,22.375,19.9375,2.4375
11-01-23 14:16:01,22.375,18.25,4.125
11-01-23 14:17:01,22.3125,17.8125,4.5
11-01-23 14:18:01,22.3125,17.75,4.625
11-01-23 14:19:01,22.3125,17.75,4.5625
11-01-23 14:20:01,22.3125,17.875,4.4375
11-01-23 14:21:02,22.25,17.9375,4.3125
11-01-23 14:22:01,22.25,18.0,4.3125
11-01-23 14:23:01,22.25,18.0625,4.1875
11-01-23 14:24:01,22.25,18.1875,4.0625
11-01-23 14:25:01,22.25,18.3125,3.9375
11-01-23 14:26:01,22.1875,18.375,3.8125
11-01-23 14:27:01,22.1875,18.5,3.75
11-01-23 14:28:02,22.1875,18.5625,3.625
11-01-23 14:29:01,22.1875,18.6875,3.5
11-01-23 14:30:01,22.1875,18.8125,3.4375
11-01-23 14:31:01,22.1875,18.875,3.375
11-01-23 14:32:01,22.1875,18.9375,3.25
11-01-23 14:33:01,22.1875,19.0,3.1875
11-01-23 14:34:01,22.1875,19.0625,3.125
11-01-23 14:35:02,22.1875,19.1875,3.0
11-01-23 14:36:01,22.1875,19.25,3.0
11-01-23 14:37:02,22.1875,19.25,2.875
11-01-23 14:38:01,22.1875,19.3125,2.875
11-01-23 14:39:01,22.1875,19.4375,2.8125
11-01-23 14:40:01,22.1875,19.5,2.75
11-01-23 14:41:01,22.1875,19.5,2.6875
11-01-23 14:42:02,22.1875,19.5625,2.625
11-01-23 14:43:01,22.1875,19.625,2.5625
11-01-23 14:44:01,22.1875,19.6875,2.5
11-01-23 14:45:01,22.1875,19.75,2.4375
11-01-23 14:46:01,22.1875,19.8125,2.375
11-01-23 14:47:01,22.1875,19.875,2.3125
11-01-23 14:48:01,22.1875,19.875,2.3125
11-01-23 14:49:02,22.1875,19.9375,2.25
11-01-23 14:50:01,22.1875,20.0,2.1875
11-01-23 14:51:02,22.1875,20.0,2.1875
11-01-23 14:52:01,22.1875,20.0625,2.125
11-01-23 14:53:01,22.1875,20.125,2.1875
11-01-23 14:54:01,22.1875,20.1875,2.0
11-01-23 14:55:01,22.1875,20.1875,2.0
11-01-23 14:56:01,22.1875,20.25,1.9375
11-01-23 14:57:01,22.25,20.25,1.875
11-01-23 14:58:02,22.25,20.3125,1.875
11-01-23 14:59:01,22.1875,20.375,1.875
11-01-23 15:00:01,22.25,20.375,1.875
11-01-23 15:01:01,22.25,20.4375,1.8125
11-01-23 15:02:01,22.25,20.4375,1.8125
11-01-23 15:03:01,22.25,20.5,1.8125
11-01-23 15:04:01,22.25,20.5,1.75
11-01-23 15:05:02,22.25,20.5625,1.6875
11-01-23 15:06:01,22.25,20.5625,1.6875
11-01-23 15:07:01,22.25,20.625,1.6875
11-01-23 15:08:01,22.25,20.625,1.625
11-01-23 15:09:01,22.25,20.6875,1.5625
11-01-23 15:10:01,22.25,20.6875,1.5625
11-01-23 15:11:01,22.25,20.75,1.5625
11-01-23 15:12:02,22.25,20.75,1.5
11-01-23 15:13:01,22.25,20.75,1.5
11-01-23 15:14:01,22.25,20.8125,1.4375
11-01-23 15:15:01,22.25,20.8125,1.4375
11-01-23 15:16:01,22.25,20.875,1.4375
11-01-23 15:17:01,22.25,20.875,1.375
11-01-23 15:18:01,22.25,20.875,1.375
11-01-23 15:19:01,22.3125,20.9375,1.3125
11-01-23 15:20:01,22.25,20.9375,1.3125
11-01-23 15:21:01,22.25,20.9375,1.3125
11-01-23 15:22:01,22.25,21.0,1.25
11-01-23 15:23:01,22.25,21.0,1.25
11-01-23 15:24:01,22.25,21.0,1.25
11-01-23 15:25:01,22.25,21.0625,1.25
11-01-23 15:26:02,22.3125,21.0625,1.25
11-01-23 15:27:01,22.3125,21.125,1.1875
11-01-23 15:28:01,22.3125,21.125,1.125
11-01-23 15:29:01,22.3125,21.125,1.1875
11-01-23 15:30:01,22.3125,21.1875,1.0625
11-01-23 15:31:01,22.3125,21.1875,1.125
11-01-23 15:32:01,22.3125,21.1875,1.125
11-01-23 15:33:02,22.3125,21.1875,1.125
11-01-23 15:34:01,22.3125,21.25,1.0625
11-01-23 15:35:02,22.3125,21.25,1.0625
11-01-23 15:36:01,22.3125,21.25,1.0625
11-01-23 15:37:01,22.3125,21.3125,1.0625
11-01-23 15:38:01,22.3125,21.3125,1.0
11-01-23 15:39:01,22.3125,21.3125,1.0
11-01-23 15:40:02,22.3125,21.375,1.0
11-01-23 15:41:01,22.3125,21.375,1.0
11-01-23 15:42:02,22.3125,21.3125,1.0
11-01-23 15:43:01,22.3125,19.5625,2.75
11-01-23 15:44:01,22.3125,18.9375,3.375
11-01-23 15:45:01,22.25,18.875,3.4375
11-01-23 15:46:01,22.1875,18.75,3.4375
11-01-23 15:47:02,22.1875,18.8125,3.4375
11-01-23 15:48:01,22.1875,18.9375,3.25
11-01-23 15:49:02,22.1875,19.0,3.1875
11-01-23 15:50:01,22.1875,19.125,3.125
11-01-23 15:51:01,22.1875,19.1875,3.0
11-01-23 15:52:01,22.1875,19.25,2.9375
11-01-23 15:53:01,22.1875,19.3125,2.875
11-01-23 15:54:01,22.1875,19.4375,2.8125
11-01-23 15:55:01,22.1875,19.5,2.75
11-01-23 15:56:02,22.1875,19.5625,2.625
11-01-23 15:57:01,22.1875,19.625,2.625
11-01-23 15:58:01,22.1875,19.6875,2.5
11-01-23 15:59:01,22.1875,19.75,2.4375
11-01-23 16:00:01,22.1875,19.8125,2.375
11-01-23 16:01:01,22.1875,19.875,2.375
11-01-23 16:02:01,22.1875,19.9375,2.3125
11-01-23 16:03:02,22.1875,19.9375,2.25
11-01-23 16:04:01,22.1875,20.0625,2.1875
11-01-23 16:05:01,22.1875,20.0625,2.125
11-01-23 16:06:01,22.25,20.125,2.0625
11-01-23 16:07:01,22.25,20.1875,2.125
11-01-23 16:08:01,22.1875,20.0625,2.125
11-01-23 16:09:01,22.0,19.125,2.875
11-01-23 16:10:02,21.75,18.5625,3.1875
11-01-23 16:11:01,21.6875,18.375,3.3125
11-01-23 16:12:01,21.625,18.375,3.3125
11-01-23 16:13:01,21.75,18.6875,3.0625
11-01-23 16:14:01,21.875,18.8125,3.0625
11-01-23 16:15:01,22.0,19.0,3.0
11-01-23 16:16:01,22.0625,19.125,2.9375
11-01-23 16:17:02,22.125,19.25,2.875
11-01-23 16:18:01,22.1875,19.3125,2.875
11-01-23 16:19:01,22.25,19.4375,2.8125
11-01-23 16:20:01,22.25,19.5,2.75
11-01-23 16:21:01,22.3125,19.5625,2.75
11-01-23 16:22:01,22.3125,19.6875,2.6875
11-01-23 16:23:01,22.375,19.75,2.625
11-01-23 16:24:02,22.375,19.8125,2.5625
11-01-23 16:25:01,22.375,19.6875,2.6875
11-01-23 16:26:01,22.375,19.0,3.3125
11-01-23 16:27:01,22.4375,18.9375,3.4375
11-01-23 16:28:01,22.375,18.9375,3.5
11-01-23 16:29:01,22.4375,19.0,3.375
11-01-23 16:30:01,22.4375,19.0625,3.375
11-01-23 16:31:02,22.4375,19.125,3.25
11-01-23 16:32:01,22.4375,19.25,3.1875
11-01-23 16:33:01,22.4375,19.3125,3.125
11-01-23 16:34:01,22.4375,19.375,3.0625
11-01-23 16:35:01,22.4375,19.4375,3.0
11-01-23 16:36:01,22.4375,19.5,2.9375
11-01-23 16:37:01,22.4375,19.5625,2.875
11-01-23 16:38:02,22.4375,19.5625,2.875
11-01-23 16:39:01,22.4375,18.9375,3.5
11-01-23 16:40:01,22.4375,18.75,3.6875
11-01-23 16:41:01,22.4375,18.4375,4.0
11-01-23 16:42:01,22.4375,18.1875,4.3125
11-01-23 16:43:01,22.4375,18.1875,4.25
11-01-23 16:44:01,22.375,18.25,4.125
11-01-23 16:45:02,22.375,18.3125,4.0625
11-01-23 16:46:01,22.375,18.125,4.3125
11-01-23 16:47:01,22.375,18.0,4.375
11-01-23 16:48:01,22.3125,18.0625,4.3125
11-01-23 16:49:01,22.3125,18.125,4.25
11-01-23 16:50:02,22.3125,18.1875,4.125
11-01-23 16:51:01,22.3125,18.0625,4.1875
11-01-23 16:52:01,22.3125,17.0,5.3125
11-01-23 16:53:01,22.3125,16.8125,5.5625
11-01-23 16:54:01,22.3125,16.5625,5.75
11-01-23 16:55:01,22.3125,16.5625,5.6875
11-01-23 16:56:01,22.3125,16.75,5.625
11-01-23 16:57:02,22.3125,16.6875,5.625
11-01-23 16:58:01,22.3125,16.25,6.0
11-01-23 16:59:02,22.25,16.3125,5.9375
11-01-23 17:00:01,22.25,16.1875,6.0625
11-01-23 17:01:01,22.25,16.375,5.875
11-01-23 17:02:01,22.25,16.3125,5.9375
11-01-23 17:03:01,22.25,16.3125,5.9375
11-01-23 17:04:01,22.1875,16.4375,5.75
11-01-23 17:05:01,22.1875,16.3125,5.875
11-01-23 17:06:02,22.1875,16.25,5.9375
11-01-23 17:07:01,22.1875,16.375,5.8125
11-01-23 17:08:01,22.1875,16.5625,5.6875
11-01-23 17:09:01,22.1875,16.6875,5.5
11-01-23 17:10:01,22.1875,16.8125,5.375
11-01-23 17:11:01,22.1875,16.9375,5.3125
11-01-23 17:12:01,22.1875,16.75,5.4375
11-01-23 17:13:02,22.1875,16.75,5.4375
11-01-23 17:14:01,22.1875,16.625,5.5625
11-01-23 17:15:01,22.1875,16.75,5.4375
11-01-23 17:16:01,22.1875,16.875,5.3125
11-01-23 17:17:01,22.1875,16.75,5.4375
11-01-23 17:18:01,22.1875,16.625,5.5625
11-01-23 17:19:01,22.1875,16.6875,5.5
11-01-23 17:20:02,22.1875,16.8125,5.375
11-01-23 17:21:01,22.1875,16.8125,5.375
11-01-23 17:22:01,22.1875,16.875,5.3125
11-01-23 17:23:01,22.1875,17.0,5.1875
11-01-23 17:24:01,22.1875,17.125,5.0625
11-01-23 17:25:01,22.1875,17.0625,5.0625
11-01-23 17:26:01,22.1875,17.1875,5.0
11-01-23 17:27:02,22.1875,17.375,4.875
11-01-23 17:28:01,22.1875,17.125,5.0625
11-01-23 17:29:01,22.1875,17.1875,5.0
11-01-23 17:30:01,22.1875,17.3125,4.9375
11-01-23 17:31:01,22.25,17.0,5.25
11-01-23 17:32:01,22.25,17.125,5.125
11-01-23 17:33:01,22.25,16.9375,5.375
11-01-23 17:34:02,22.3125,16.6875,5.625
11-01-23 17:35:01,22.3125,16.625,5.5625
11-01-23 17:36:02,22.3125,16.625,5.6875
11-01-23 17:37:01,22.3125,16.5625,5.8125
11-01-23 17:38:01,22.375,16.6875,5.6875
11-01-23 17:39:01,22.4375,16.6875,5.75
11-01-23 17:40:01,22.4375,16.9375,5.5625
11-01-23 17:41:01,22.4375,17.125,5.3125
11-01-23 17:42:01,22.4375,17.25,5.1875
11-01-23 17:43:02,22.5,17.4375,5.0625
11-01-23 17:44:01,22.5,17.5625,4.9375
11-01-23 17:45:01,22.5,17.6875,4.8125
11-01-23 17:46:01,22.5625,17.8125,4.6875
11-01-23 17:47:01,22.5625,17.9375,4.5625
11-01-23 17:48:01,22.5625,18.0625,4.5
11-01-23 17:49:01,22.5625,18.1875,4.375
11-01-23 17:50:02,22.5625,18.3125,4.25
11-01-23 17:51:01,22.5625,18.1875,4.3125
11-01-23 17:52:01,22.5625,17.3125,5.25
11-01-23 17:53:01,22.5625,16.75,5.8125
11-01-23 17:54:01,22.5625,16.4375,6.125
11-01-23 17:55:01,22.5625,16.4375,6.1875
11-01-23 17:56:01,22.5625,16.375,6.25
11-01-23 17:57:02,22.625,16.375,6.1875
11-01-23 17:58:01,22.625,16.375,6.25
11-01-23 17:59:01,22.625,16.375,6.1875
11-01-23 18:00:01,22.625,16.4375,6.1875
11-01-23 18:01:01,22.625,16.4375,6.125
11-01-23 18:02:01,22.625,16.5,6.1875
11-01-23 18:03:01,22.625,16.4375,6.1875
11-01-23 18:04:02,22.6875,16.5,6.125
11-01-23 18:05:01,22.6875,16.625,6.0
11-01-23 18:06:01,22.6875,16.875,5.8125
11-01-23 18:07:01,22.6875,17.0625,5.625
11-01-23 18:08:01,22.6875,16.8125,5.9375
11-01-23 18:09:01,22.6875,16.6875,6.0
11-01-23 18:10:01,22.6875,16.6875,6.0
11-01-23 18:11:02,22.6875,16.5625,6.125
11-01-23 18:12:01,22.6875,16.5,6.1875
11-01-23 18:13:01,22.6875,16.5,6.1875
11-01-23 18:14:01,22.6875,16.5625,6.125
11-01-23 18:15:01,22.75,16.5625,6.125
11-01-23 18:16:02,22.75,16.5,6.1875
11-01-23 18:17:01,22.75,16.625,6.125
11-01-23 18:18:02,22.75,16.9375,5.875
11-01-23 18:19:01,22.75,17.125,5.6875
11-01-23 18:20:01,22.75,17.3125,5.5
11-01-23 18:21:01,22.75,17.4375,5.3125
11-01-23 18:22:01,22.75,17.5625,5.1875
11-01-23 18:23:02,22.75,17.6875,5.0625
11-01-23 18:24:01,22.75,17.8125,4.9375
11-01-23 18:25:02,22.75,17.8125,5.0
11-01-23 18:26:01,22.8125,17.8125,4.9375
11-01-23 18:27:01,22.8125,17.6875,5.125
11-01-23 18:28:01,22.8125,17.6875,5.125
11-01-23 18:29:01,22.8125,17.5625,5.25
11-01-23 18:30:02,22.8125,17.625,5.1875
11-01-23 18:31:01,22.8125,17.75,5.0625
11-01-23 18:32:01,22.75,17.875,4.9375
11-01-23 18:33:01,22.75,17.875,4.9375
11-01-23 18:34:01,22.6875,17.875,4.8125
11-01-23 18:35:01,22.625,18.0,4.625
11-01-23 18:36:01,22.5625,18.0625,4.5
11-01-23 18:37:01,22.5,18.125,4.4375
11-01-23 18:38:01,22.4375,18.125,4.3125
11-01-23 18:39:01,22.375,17.3125,5.125
11-01-23 18:40:01,22.3125,17.0,5.3125
11-01-23 18:41:01,22.3125,17.0625,5.25
11-01-23 18:42:02,22.3125,17.125,5.1875
11-01-23 18:43:01,22.3125,17.25,5.125
11-01-23 18:44:01,22.375,17.375,4.9375
11-01-23 18:45:01,22.375,17.5625,4.8125
11-01-23 18:46:01,22.4375,17.6875,4.75
11-01-23 18:47:01,22.4375,17.8125,4.5625
11-01-23 18:48:01,22.4375,17.9375,4.5
11-01-23 18:49:02,22.5,18.0625,4.5
11-01-23 18:50:01,22.5,18.1875,4.375
11-01-23 18:51:01,22.5,18.25,4.25
11-01-23 18:52:01,22.5,18.375,4.125
11-01-23 18:53:01,22.5,18.4375,4.0625
11-01-23 18:54:01,22.5,18.5625,3.9375
11-01-23 18:55:01,22.5,18.6875,3.8125
11-01-23 18:56:02,22.5625,18.875,3.75
11-01-23 18:57:01,22.5625,18.9375,3.625
11-01-23 18:58:01,22.5625,18.625,3.9375
11-01-23 18:59:01,22.5625,18.125,4.4375
11-01-23 19:00:01,22.5625,18.0625,4.5
11-01-23 19:01:01,22.5625,18.125,4.4375
11-01-23 19:02:01,22.5625,18.1875,4.375
11-01-23 19:03:02,22.5625,18.3125,4.25
11-01-23 19:04:01,22.5625,18.4375,4.125
11-01-23 19:05:02,22.5625,18.5625,4.0625
11-01-23 19:06:01,22.5625,18.625,3.9375
11-01-23 19:07:01,22.5625,18.75,3.8125
11-01-23 19:08:01,22.5625,18.875,3.75
11-01-23 19:09:01,22.5625,18.9375,3.6875
11-01-23 19:10:02,22.5625,19.0625,3.5625
11-01-23 19:11:01,22.5625,19.0625,3.5
11-01-23 19:12:02,22.5625,19.0625,3.4375
11-01-23 19:13:01,22.5625,19.1875,3.375
11-01-23 19:14:01,22.5625,19.25,3.3125
11-01-23 19:15:01,22.5625,19.3125,3.25
11-01-23 19:16:01,22.5625,19.375,3.1875
11-01-23 19:17:01,22.5625,19.5,3.0625
11-01-23 19:18:01,22.5625,19.5625,3.0625
11-01-23 19:19:02,22.5625,19.625,2.9375
11-01-23 19:20:01,22.5625,19.6875,2.9375
11-01-23 19:21:01,22.5625,18.8125,3.6875
11-01-23 19:22:01,22.625,18.5625,4.0625
11-01-23 19:23:01,22.625,18.5625,4.0625
11-01-23 19:24:01,22.625,18.625,4.0
11-01-23 19:25:01,22.625,18.75,3.9375
11-01-23 19:26:02,22.625,18.8125,3.875
11-01-23 19:27:01,22.625,18.875,3.75
11-01-23 19:28:01,22.625,19.0,3.625
11-01-23 19:29:01,22.6875,19.125,3.5625
11-01-23 19:30:01,22.6875,19.1875,3.4375
11-01-23 19:31:02,22.6875,19.3125,3.375
11-01-23 19:32:01,22.6875,19.3125,3.375
11-01-23 19:33:02,22.6875,19.4375,3.25
11-01-23 19:34:01,22.6875,19.5,3.1875
11-01-23 19:35:01,22.6875,19.625,3.0625
11-01-23 19:36:01,22.6875,19.6875,3.0
11-01-23 19:37:01,22.6875,19.75,2.9375
11-01-23 19:38:02,22.6875,19.8125,2.875
11-01-23 19:39:01,22.6875,19.875,2.8125
11-01-23 19:40:02,22.6875,19.9375,2.75
11-01-23 19:41:01,22.6875,20.0625,2.625
11-01-23 19:42:01,22.6875,20.125,2.5625
11-01-23 19:43:01,22.6875,20.1875,2.5625
11-01-23 19:44:01,22.6875,20.25,2.5
11-01-23 19:45:01,22.6875,20.3125,2.375
11-01-23 19:46:01,22.75,20.375,2.3125
11-01-23 19:47:02,22.75,20.375,2.375
11-01-23 19:48:01,22.6875,20.4375,2.25
11-01-23 19:49:01,22.75,20.5,2.25
11-01-23 19:50:01,22.6875,20.5625,2.25
11-01-23 19:51:01,22.6875,20.5625,2.125
11-01-23 19:52:01,22.6875,20.625,2.125
11-01-23 19:53:01,22.6875,20.625,2.0625
11-01-23 19:54:02,22.6875,20.6875,2.0
11-01-23 19:55:01,22.6875,20.75,1.9375
11-01-23 19:56:01,22.75,20.8125,1.9375
11-01-23 19:57:01,22.75,20.8125,1.875
11-01-23 19:58:01,22.75,20.875,1.8125
11-01-23 19:59:01,22.6875,20.875,1.8125
11-01-23 20:00:01,22.75,20.9375,1.75
11-01-23 20:01:02,22.75,21.0,1.8125
11-01-23 20:02:01,22.75,21.0,1.6875
11-01-23 20:03:02,22.75,21.0625,1.6875
11-01-23 20:04:01,22.75,21.0625,1.6875
11-01-23 20:05:01,22.75,21.125,1.6875
11-01-23 20:06:01,22.75,21.125,1.5625
11-01-23 20:07:01,22.75,21.1875,1.5625
11-01-23 20:08:01,22.75,21.1875,1.5625
11-01-23 20:09:01,22.75,21.1875,1.5
11-01-23 20:10:02,22.75,21.25,1.5625
11-01-23 20:11:01,22.75,21.25,1.5
11-01-23 20:12:01,22.75,21.3125,1.4375
11-01-23 20:13:01,22.75,21.3125,1.375
11-01-23 20:14:01,22.75,21.3125,1.3125
11-01-23 20:15:01,22.75,21.375,1.375
11-01-23 20:16:01,22.6875,21.375,1.3125
11-01-23 20:17:02,22.75,21.4375,1.3125
11-01-23 20:18:01,22.75,21.4375,1.3125
11-01-23 20:19:01,22.75,21.5,1.3125
11-01-23 20:20:01,22.75,21.5,1.25
11-01-23 20:21:01,22.75,21.5,1.25
11-01-23 20:22:02,22.75,21.5,1.25
11-01-23 20:23:01,22.75,21.5625,1.1875
11-01-23 20:24:01,22.75,21.5625,1.1875
11-01-23 20:25:01,22.75,21.5625,1.1875
11-01-23 20:26:01,22.75,21.625,1.125
11-01-23 20:27:01,22.75,21.625,1.125
11-01-23 20:28:01,22.75,21.6875,1.125
11-01-23 20:29:02,22.75,21.6875,1.0625
11-01-23 20:30:01,22.75,21.6875,1.0625
11-01-23 20:31:02,22.75,21.6875,1.0625
11-01-23 20:32:01,22.75,21.6875,1.0
11-01-23 20:33:01,22.75,21.75,1.0
11-01-23 20:34:01,22.75,21.75,1.0
11-01-23 20:35:01,22.75,21.75,0.9375
11-01-23 20:36:02,22.75,21.8125,0.9375
11-01-23 20:37:01,22.75,21.8125,0.9375
11-01-23 20:38:01,22.75,21.8125,0.9375
11-01-23 20:39:01,22.75,21.8125,0.9375
11-01-23 20:40:01,22.75,21.8125,0.9375
11-01-23 20:41:01,22.75,21.875,0.9375
11-01-23 20:42:01,22.75,21.875,0.875
11-01-23 20:43:02,22.75,21.875,0.875
11-01-23 20:44:01,22.75,21.9375,0.8125
11-01-23 20:45:01,22.75,21.9375,0.8125
11-01-23 20:46:01,22.75,21.9375,0.8125
11-01-23 20:47:01,22.75,21.9375,0.8125
11-01-23 20:48:02,22.75,21.9375,0.8125
11-01-23 20:49:01,22.75,21.9375,0.8125
11-01-23 20:50:02,22.75,22.0,0.8125
11-01-23 20:51:01,22.75,22.0,0.75
11-01-23 20:52:01,22.75,22.0,0.75
11-01-23 20:53:01,22.75,22.0,0.75
11-01-23 20:54:01,22.75,22.0,0.75
11-01-23 20:55:02,22.75,22.0625,0.75
11-01-23 20:56:01,22.75,22.0625,0.6875
11-01-23 20:57:01,22.75,22.0625,0.6875
11-01-23 20:58:01,22.75,22.0625,0.6875
11-01-23 20:59:01,22.75,21.0625,1.5625
11-01-23 21:00:01,22.75,18.6875,4.0625
11-01-23 21:01:01,22.75,18.0,4.75
11-01-23 21:02:02,22.6875,17.8125,4.875
11-01-23 21:03:01,22.6875,17.875,4.8125
11-01-23 21:04:01,22.625,17.9375,4.6875
11-01-23 21:05:01,22.625,18.0625,4.5625
11-01-23 21:06:01,22.625,18.1875,4.375
11-01-23 21:07:01,22.5625,18.25,4.3125
11-01-23 21:08:01,22.5625,18.3125,4.25
11-01-23 21:09:02,22.5625,18.4375,4.125
11-01-23 21:10:01,22.5625,18.5,4.0625
11-01-23 21:11:01,22.5625,18.625,3.875
11-01-23 21:12:01,22.5625,18.6875,3.8125
11-01-23 21:13:01,22.5,18.8125,3.6875
11-01-23 21:14:01,22.5,18.9375,3.5625
11-01-23 21:15:01,22.5,19.0,3.5
11-01-23 21:16:02,22.5,19.0625,3.4375
11-01-23 21:17:01,22.5,19.1875,3.375
11-01-23 21:18:02,22.5,19.25,3.25
11-01-23 21:19:01,22.5,19.3125,3.1875
11-01-23 21:20:01,22.5,19.375,3.125
11-01-23 21:21:01,22.5,19.4375,3.0625
11-01-23 21:22:01,22.5,19.5625,2.9375
11-01-23 21:23:02,22.5,19.625,2.9375
11-01-23 21:24:01,22.5,19.625,2.875
11-01-23 21:25:01,22.5,19.75,2.8125
11-01-23 21:26:01,22.5,19.8125,2.75
11-01-23 21:27:01,22.5,19.8125,2.6875
11-01-23 21:28:01,22.5,19.9375,2.625
11-01-23 21:29:01,22.5,19.9375,2.5625
11-01-23 21:30:02,22.5,20.0,2.5
11-01-23 21:31:01,22.5,20.0625,2.5
11-01-23 21:32:01,22.5,20.125,2.4375
11-01-23 21:33:01,22.5,20.125,2.375
11-01-23 21:34:01,22.5,20.1875,2.3125
11-01-23 21:35:01,22.5625,20.25,2.25
11-01-23 21:36:01,22.5,19.6875,2.8125
11-01-23 21:37:01,22.5625,18.6875,3.8125
11-01-23 21:38:01,22.5625,18.5,4.0625
11-01-23 21:39:02,22.5625,18.5625,4.0
11-01-23 21:40:01,22.625,18.4375,4.1875
11-01-23 21:41:01,22.625,18.375,4.25
11-01-23 21:42:01,22.6875,17.6875,5.0
11-01-23 21:43:01,22.6875,17.5625,5.1875
11-01-23 21:44:02,22.6875,17.5625,5.0625
11-01-23 21:45:01,22.625,17.625,4.9375
11-01-23 21:46:02,22.5,17.375,5.125
11-01-23 21:47:01,22.4375,17.1875,5.25
11-01-23 21:48:01,22.375,17.3125,5.125
11-01-23 21:49:01,22.3125,17.3125,5.0
11-01-23 21:50:01,22.25,16.875,5.375
11-01-23 21:51:02,22.1875,16.625,5.5625
11-01-23 21:52:01,22.1875,16.625,5.5
11-01-23 21:53:02,22.1875,16.5,5.625
11-01-23 21:54:01,22.1875,16.6875,5.5625
11-01-23 21:55:01,22.25,16.75,5.4375
11-01-23 21:56:01,22.25,16.8125,5.5
11-01-23 21:57:01,22.3125,16.875,5.4375
11-01-23 21:58:02,22.3125,17.0625,5.25
11-01-23 21:59:01,22.375,16.875,5.5
11-01-23 22:00:01,22.4375,16.6875,5.75
11-01-23 22:01:01,22.5,16.5625,5.875
11-01-23 22:02:01,22.5,16.375,6.125
11-01-23 22:03:01,22.5625,16.4375,6.125
11-01-23 22:04:01,22.5625,16.375,6.1875
11-01-23 22:05:02,22.5625,16.375,6.1875
11-01-23 22:06:01,22.5625,16.375,6.1875
11-01-23 22:07:01,22.5625,16.5625,6.0625
11-01-23 22:08:01,22.625,16.6875,5.875
11-01-23 22:09:01,22.5625,16.4375,6.0625
11-01-23 22:10:01,22.5625,16.4375,6.125
11-01-23 22:11:01,22.5625,16.5,6.125
11-01-23 22:12:02,22.5625,16.6875,5.875
11-01-23 22:13:01,22.5625,16.8125,5.75
11-01-23 22:14:01,22.5625,17.0,5.5625
11-01-23 22:15:01,22.5625,16.9375,5.625
11-01-23 22:16:01,22.5625,16.625,6.0
11-01-23 22:17:01,22.5625,16.75,5.8125
11-01-23 22:18:01,22.5625,16.9375,5.625
11-01-23 22:19:02,22.5625,17.0625,5.5
11-01-23 22:20:01,22.5625,17.1875,5.375
11-01-23 22:21:01,22.5625,17.3125,5.25
11-01-23 22:22:01,22.625,17.4375,5.125
11-01-23 22:23:01,22.625,17.5625,5.0
11-01-23 22:24:01,22.5625,17.6875,4.875
11-01-23 22:25:01,22.5625,17.8125,4.75
11-01-23 22:26:02,22.5625,17.9375,4.625
11-01-23 22:27:01,22.5625,18.0625,4.5625
11-01-23 22:28:01,22.5625,18.125,4.4375
11-01-23 22:29:01,22.5625,18.25,4.3125
11-01-23 22:30:01,22.5625,18.375,4.1875
11-01-23 22:31:02,22.5625,18.4375,4.125
11-01-23 22:32:01,22.5625,18.5625,4.0
11-01-23 22:33:02,22.5625,18.625,3.9375
11-01-23 22:34:01,22.5625,18.75,3.875
11-01-23 22:35:01,22.5625,18.8125,3.75
11-01-23 22:36:01,22.5625,18.9375,3.6875
11-01-23 22:37:01,22.5625,18.9375,3.625
11-01-23 22:38:01,22.5625,19.0625,3.5
11-01-23 22:39:01,22.5625,19.125,3.4375
11-01-23 22:40:02,22.5625,19.1875,3.375
11-01-23 22:41:01,22.5625,19.25,3.3125
11-01-23 22:42:01,22.5625,19.3125,3.25
11-01-23 22:43:01,22.5625,19.375,3.1875
11-01-23 22:44:01,22.5625,19.4375,3.1875
11-01-23 22:45:01,22.5625,19.5,3.125
11-01-23 22:46:01,22.5625,19.5625,3.0
11-01-23 22:47:02,22.5625,19.625,2.9375
11-01-23 22:48:01,22.5625,19.6875,2.875
11-01-23 22:49:01,22.5625,19.6875,2.8125
11-01-23 22:50:01,22.5625,19.75,2.8125
11-01-23 22:51:01,22.5625,19.8125,2.75
11-01-23 22:52:02,22.5625,19.8125,2.6875
11-01-23 22:53:01,22.5625,18.0625,4.5
11-01-23 22:54:01,22.5625,17.6875,4.875
11-01-23 22:55:01,22.5625,17.625,4.9375
11-01-23 22:56:01,22.5625,17.6875,4.875
11-01-23 22:57:01,22.5,17.8125,4.6875
11-01-23 22:58:01,22.5,17.9375,4.5625
11-01-23 22:59:01,22.5,18.0,4.5
11-01-23 23:00:01,22.5,18.125,4.4375
11-01-23 23:01:02,22.5,18.25,4.25
11-01-23 23:02:01,22.5,18.375,4.1875
11-01-23 23:03:01,22.5,18.4375,4.0625
11-01-23 23:04:01,22.5,18.5625,3.9375
11-01-23 23:05:01,22.5,18.625,3.875
11-01-23 23:06:02,22.5,18.6875,3.8125
11-01-23 23:07:01,22.5,18.75,3.75
11-01-23 23:08:02,22.5,18.875,3.625
11-01-23 23:09:01,22.5,18.9375,3.5
11-01-23 23:10:01,22.4375,19.0625,3.375
11-01-23 23:11:01,22.5,19.125,3.3125
11-01-23 23:12:01,22.5,19.1875,3.3125
11-01-23 23:13:02,22.5,19.25,3.25
11-01-23 23:14:01,22.4375,19.375,3.0625
11-01-23 23:15:01,22.4375,19.4375,3.0
11-01-23 23:16:01,22.5,19.5,3.0
11-01-23 23:17:01,22.5,19.5625,2.875
11-01-23 23:18:01,22.5,19.625,2.8125
11-01-23 23:19:01,22.5,19.6875,2.8125
11-01-23 23:20:02,22.5,19.6875,2.8125
11-01-23 23:21:01,22.5,19.8125,2.75
11-01-23 23:22:01,22.5,19.8125,2.6875
11-01-23 23:23:01,22.5,19.9375,2.625
11-01-23 23:24:01,22.5,19.9375,2.5625
11-01-23 23:25:01,22.4375,20.0,2.4375
11-01-23 23:26:01,22.4375,20.0625,2.375
11-01-23 23:27:02,22.5,20.125,2.375
11-01-23 23:28:01,22.5,20.1875,2.3125
11-01-23 23:29:01,22.5,20.1875,2.3125
11-01-23 23:30:01,22.5,20.25,2.25
11-01-23 23:31:01,22.5,20.25,2.1875
11-01-23 23:32:01,22.5,20.3125,2.125
11-01-23 23:33:01,22.5,20.375,2.125
11-01-23 23:34:02,22.4375,20.375,2.0625
11-01-23 23:35:01,22.5,20.4375,2.0625
11-01-23 23:36:01,22.5,20.5,2.0
11-01-23 23:37:01,22.5,20.5,2.0
11-01-23 23:38:01,22.5,20.5625,1.875
11-01-23 23:39:01,22.5,20.5625,1.875
11-01-23 23:40:01,22.5,20.625,1.875
11-01-23 23:41:02,22.5,20.625,1.875
11-01-23 23:42:01,22.5,20.6875,1.8125
11-01-23 23:43:01,22.5,20.6875,1.75
11-01-23 23:44:01,22.5,20.75,1.75
11-01-23 23:45:01,22.5,20.75,1.75
11-01-23 23:46:01,22.5,20.8125,1.6875
11-01-23 23:47:01,22.5,20.8125,1.6875
11-01-23 23:48:02,22.5,20.875,1.625
11-01-23 23:49:01,22.5,20.875,1.625
11-01-23 23:50:01,22.5,20.9375,1.5625
11-01-23 23:51:01,22.5,20.9375,1.5625
11-01-23 23:52:01,22.5,21.0,1.5
11-01-23 23:53:01,22.5,21.0,1.4375
11-01-23 23:54:01,22.5,21.0625,1.5
11-01-23 23:55:02,22.5,21.0625,1.4375
11-01-23 23:56:01,22.5,21.0625,1.4375
11-01-23 23:57:01,22.5,21.0625,1.4375
11-01-23 23:58:01,22.5,21.125,1.375
11-01-23 23:59:01,22.5,21.1875,1.375
